
-- Inserciones para la tabla Pais
INSERT INTO Pais(nombre) VALUES
('Argentina'), ('Brasil'), ('Chile'), ('México'), ('Colombia'),
('Perú'), ('Venezuela'), ('Uruguay'), ('Paraguay'), ('Ecuador'),
('Bolivia'), ('Guatemala'), ('Cuba'), ('República Dominicana'), ('Honduras'),
('El Salvador'), ('Costa Rica'), ('Panamá'), ('Nicaragua'), ('Puerto Rico'),
('Canadá'), ('Estados Unidos'), ('Francia'), ('España'), ('Italia'),
('Reino Unido'), ('Alemania'), ('Rusia'), ('Polonia'), ('Suecia'),
('Noruega'), ('Países Bajos'), ('Bélgica'), ('Suiza'), ('Austria'),
('Australia'), ('Nueva Zelanda'), ('Japón'), ('Corea del Sur'), ('China'),
('India'), ('Pakistán'), ('Irak'), ('Afganistán'), ('Egipto'),
('Sudáfrica'), ('Nigeria'), ('Kenia'), ('Tanzania'), ('Uganda'),
('Costa de Marfil');

-- Inserciones para la tabla Region
INSERT INTO Region(nombre, pais_fk) VALUES
('América del Sur', 1), ('América del Sur', 2), ('América del Sur', 3), 
('América del Norte', 4), ('América del Sur', 5), ('América del Sur', 6), 
('América del Sur', 7), ('América del Sur', 8), ('América del Sur', 9), 
('América del Sur', 10), ('América del Sur', 11), ('América Central', 12),
('Caribe', 13), ('Caribe', 14), ('América Central', 15), ('América Central', 16),
('América Central', 17), ('América Central', 18), ('Caribe', 19), 
('América del Norte', 20), ('América del Norte', 21), ('Europa', 22), 
('Europa', 23), ('Europa', 24), ('Europa', 25), ('Europa', 26), 
('Europa/Asia', 27), ('Europa', 28), ('Europa', 29), ('Europa', 30), 
('Europa', 31), ('Europa', 32), ('Oceanía', 33), ('Oceanía', 34),
('Asia', 35), ('Asia', 36), ('Asia', 37), ('Asia', 38), ('Asia', 39),
('Asia', 40), ('Asia', 41), ('Asia', 42), ('Asia', 43), ('Asia', 44),
('Asia', 45), ('Asia', 46), ('Asia', 47), ('Asia', 48), ('Asia', 49),
('Asia', 50);

-- Inserciones para la tabla Ciudad
INSERT INTO Ciudad(nombre, region_fk) VALUES
('Buenos Aires', 1), ('São Paulo', 2), ('Santiago', 3), 
('Ciudad de México', 4), ('Bogotá', 5), ('Lima', 6), 
('Caracas', 7), ('Montevideo', 8), ('Asunción', 9),
('Quito', 10), ('La Paz', 11), ('Ciudad de Guatemala', 12),
('La Habana', 13), ('Santo Domingo', 14), ('Tegucigalpa', 15),
('San Salvador', 16), ('San José', 17), ('Ciudad de Panamá', 18),
('Managua', 19), ('San Juan', 20), ('Ottawa', 21), 
('Washington D.C.', 22), ('París', 23), ('Madrid', 24), 
('Roma', 25), ('Londres', 26), ('Berlín', 27), 
('Moscú', 28), ('Varsovia', 29), ('Estocolmo', 30),
('Oslo', 31), ('Ámsterdam', 32), ('Bruselas', 33), 
('Ginebra', 34), ('Viena', 35), ('Sídney', 36), 
('Auckland', 37), ('Tokio', 38), ('Seúl', 39), 
('Pekín', 40), ('Nueva Delhi', 41), ('Islamabad', 42), 
('Bagdad', 43), ('Kabul', 44), ('El Cairo', 45), 
('Ciudad del Cabo', 46), ('Lagos', 47), ('Nairobi', 48), 
('Dar es Salaam', 49), ('San Petersburgo', 50);

-- Inserciones para la tabla ubicacion
INSERT INTO ubicacion(barrio, direccion, ciudad_fk) VALUES
('Centro', 'Calle Falsa 123', 1),
('Barrio Norte', 'Av. Libertador 4500', 2),
('La Perla', 'Calle 15, Edificio 3', 3),
('Alameda', 'Av. del Sol 120', 4),
('Montevideo', 'Ruta 5 Km 32', 5),
('La Paz', 'Calle 7 #45', 6),
('Villa del Mar', 'Calle Costa Rica 22', 7),
('Los Álamos', 'Calle 4 de Julio 1000', 8),
('El Bosque', 'Calle El Sol 72', 9),
('San Martín', 'Bulevar San Juan 2300', 10),
('El Prado', 'Calle Montevideo 15', 11),
('Puerto Azul', 'Av. Pacífico 68', 12),
('Los Olivos', 'Calle Olmos 33', 13),
('Las Palmas', 'Calle de las Flores 10', 14),
('El Carmen', 'Calle de la Paz 12', 15), 
('Rincón Verde', 'Av. Río de Janeiro 120', 16),
('Villa Serena', 'Calle Los Sauces 80', 17),
('Los Pinos', 'Calle del Mar 50', 18),
('Río Bravo', 'Calle 22 Sur 240', 19),
('El Paraíso', 'Av. Colón 15', 20),
('Centro Histórico', 'Calle Mayor 100', 21),
('La Riviera', 'Calle El Mar 200', 22),
('Bajo Belgrano', 'Calle Belgrano 500', 23),
('Cerro Alto', 'Calle Libertad 30', 24),
('San Andrés', 'Calle La Loma 100', 25),
('Villa del Lago', 'Av. Lago 99', 26),
('San José', 'Calle Las Palmas 123', 27),
('Los Tamarindos', 'Calle 12 Sur 22', 28),
('La Frontera', 'Calle 33 Oeste 55', 29),
('Alto Paraná', 'Av. Parques 10', 30),
('Barrio La Luz', 'Calle del Sol 123', 31),
('El Palmar', 'Calle Palmas 45', 32),
('La Cima', 'Av. Montaña 6', 33),
('Lago Azul', 'Calle del Lago 150', 34),
('La Estrella', 'Calle Estrella 89', 35),
('Valle Verde', 'Calle Verde 3', 36),
('Las Gaviotas', 'Calle Playa 44', 37),
('Santa Clara', 'Av. Santa Fe 330', 38),
('Vega del Sol', 'Calle Vega 111', 39),
('Las Lomas', 'Calle Lomas 24', 40),
('La Toscana', 'Calle Toscana 8', 41),
('La Tranquilidad', 'Calle Calma 77', 42),
('El Rocío', 'Calle Rocío 2', 43),
('Pueblo Nuevo', 'Calle Nueva 65', 44),
('Los Naranjos', 'Av. Naranjos 99', 45),
('Loma Hermosa', 'Calle Hermosa 32', 46),
('Barrio del Sol', 'Calle Sol 150', 47),
('La Quebrada', 'Calle Quebrada 5', 48),
('Sierra Dorada', 'Calle Sierra 11', 49),
('Jardín Botánico', 'Calle Verde 1', 50);

-- Inserciones para la tabla Detalle_parcela
INSERT INTO Detalle_parcela(tamaño, Tipo_Parcela, ubicacion_fk) VALUES
('500 m²', 'Agrícola', 1),
('1200 m²', 'Urbana', 2),
('800 m²', 'Comercial', 3),
('350 m²', 'Residencial', 4),
('1500 m²', 'Agrícola', 5),
('600 m²', 'Urbana', 6),
('2000 m²', 'Comercial', 7),
('900 m²', 'Residencial', 8),
('450 m²', 'Agrícola', 9),
('1100 m²', 'Urbana', 10),
('300 m²', 'Comercial', 11),
('750 m²', 'Residencial', 12),
('1200 m²', 'Agrícola', 13),
('1000 m²', 'Urbana', 14),
('150 m²', 'Comercial', 15),
('850 m²', 'Residencial', 16),
('650 m²', 'Agrícola', 17),
('1300 m²', 'Urbana', 18),
('2000 m²', 'Comercial', 19),
('950 m²', 'Residencial', 20),
('500 m²', 'Agrícola', 21),
('1200 m²', 'Urbana', 22),
('800 m²', 'Comercial', 23),
('350 m²', 'Residencial', 24),
('1000 m²', 'Agrícola', 25),
('1100 m²', 'Urbana', 26),
('700 m²', 'Comercial', 27),
('1300 m²', 'Residencial', 28),
('600 m²', 'Agrícola', 29),
('1500 m²', 'Urbana', 30),
('400 m²', 'Comercial', 31),
('1200 m²', 'Residencial', 32),
('800 m²', 'Agrícola', 33),
('950 m²', 'Urbana', 34),
('1300 m²', 'Comercial', 35),
('600 m²', 'Residencial', 36),
('700 m²', 'Agrícola', 37),
('1500 m²', 'Urbana', 38),
('1000 m²', 'Comercial', 39),
('550 m²', 'Residencial', 40),
('1100 m²', 'Agrícola', 41),
('1300 m²', 'Urbana', 42),
('750 m²', 'Comercial', 43),
('850 m²', 'Residencial', 44),
('2000 m²', 'Agrícola', 45),
('1500 m²', 'Urbana', 46),
('1200 m²', 'Comercial', 47),
('900 m²', 'Residencial', 48),
('1000 m²', 'Agrícola', 49),
('1100 m²', 'Agrícola', 50);

-- Inserciones para la tabla Parcela
INSERT INTO Parcela(nombre, detalle_parcela_fk, empleado_parcela_fk) VALUES
('La Esperanza', 1, 1),
('Los Cerezos', 2, 2),
('El Sol Naciente', 3, 3),
('La Flor del Valle', 4, 4),
('San Martín', 5, 5),
('El Paraíso', 6, 6),
('Los Pinos', 7, 7),
('La Alborada', 8, 8),
('Los Abetos', 9, 9),
('El Mirador', 10, 10),
('La Loma', 11, 11),
('La Viña', 12, 12),
('El Prado', 13, 13),
('La Perla', 14, 14),
('Los Molinos', 15, 15),
('Valle Verde', 16, 16),
('La Sierra', 17, 17),
('Las Palmas', 18, 18),
('Cruz de Piedra', 19, 19),
('La Hacienda', 20, 20),
('El Campanario', 21, 21),
('El Rosario', 22, 22),
('Los Nogales', 23, 23),
('La Encantada', 24, 24),
('Las Brisas', 25, 25),
('El Bosque', 26, 26),
('El Olivar', 27, 27),
('La Cascada', 28, 28),
('El Rincón', 29, 29),
('San José', 30, 30),
('Los Laureles', 31, 31),
('La Colina', 32, 32),
('La Riviera', 33, 33),
('La Toscana', 34, 34),
('La Libertad', 35, 35),
('El Valle del Sol', 36, 36),
('Las Lomas de San Andrés', 37, 37),
('La Tierra Prometida', 38, 38),
('La Hacienda del Río', 39, 39),
('La Montaña', 40, 40),
('El Encanto', 41, 41),
('El Almendro', 42, 42),
('Valle Hermoso', 43, 43),
('El Estanque', 44, 44),
('La Campiña', 45, 45),
('Las Cumbres', 46, 46),
('La Vuelta del Río', 47, 47),
('Las Tres Cruces', 48, 48),
('Los Cedros', 49, 49),
('Los Laureles', 50, 1);

-- Inserciones para la tabla Detalle_empleado
INSERT INTO Detalle_empleado(apellido, cedula, Correo) VALUES
('Gómez', '1023456289', 'juan.gomez@example.com'),
('Rodríguez', '1034567890', 'maria.rodriguez@example.com'),
('Martínez', '1045678901', 'luis.martinez@example.com'),
('López', '1056789012', 'ana.lopez@example.com'),
('González', '1067890123', 'pedro.gonzalez@example.com'),
('Pérez', '1078901234', 'luisa.perez@example.com'),
('Sánchez', '1089012345', 'jorge.sanchez@example.com'),
('Ramírez', '1090123456', 'carla.ramirez@example.com'),
('Fernández', '1101234567', 'raul.fernandez@example.com'),
('Díaz', '1112345678', 'elena.diaz@example.com'),
('Jiménez', '1123456789', 'pablo.jimenez@example.com'),
('Vázquez', '1134567890', 'marta.vazquez@example.com'),
('Molina', '1145678901', 'santiago.molina@example.com'),
('Morales', '1156789012', 'teresita.morales@example.com'),
('Romero', '1167890123', 'manuel.romero@example.com'),
('Alvarez', '1178901234', 'beatriz.alvarez@example.com'),
('Muñoz', '1189012345', 'carlos.munoz@example.com'),
('Torres', '1190123456', 'patricia.torres@example.com'),
('Hernández', '1201234567', 'victor.hernandez@example.com'),
('García', '1212345678', 'margarita.garcia@example.com'),
('Ruiz', '1223456789', 'jose.ruiz@example.com'),
('Cordero', '1234567890', 'diana.cordero@example.com'),
('Suárez', '1245678901', 'manuel.suarez@example.com'),
('Castro', '1256789012', 'silvia.castro@example.com'),
('Pascual', '1267890123', 'pedro.pascual@example.com'),
('Moreno', '1278901234', 'beatriz.moreno@example.com'),
('Salazar', '1289012345', 'javier.salazar@example.com'),
('Guillem', '1290123456', 'isabel.guillem@example.com'),
('Serrano', '1301234567', 'raquel.serrano@example.com'),
('Navarro', '1312345678', 'jorge.navarro@example.com'),
('Vega', '1323456789', 'amparo.vega@example.com'),
('Cano', '1334567890', 'alberto.cano@example.com'),
('Herrera', '1345678901', 'veronica.herrera@example.com'),
('Álvarez', '1356789012', 'juan.alvarez@example.com'),
('Gil', '1367890123', 'marta.gil@example.com'),
('Martín', '1378901234', 'eduardo.martin@example.com'),
('Gómez', '1389012345', 'carmen.gomez@example.com'),
('López', '1390123456', 'antonio.lopez@example.com'),
('Ríos', '1401234567', 'francisco.rios@example.com'),
('Hidalgo', '1412345678', 'lina.hidalgo@example.com'),
('Serradell', '1423456789', 'marta.serradell@example.com'),
('Collado', '1434567890', 'pilar.collado@example.com'),
('Alonso', '1445678901', 'jose.alonso@example.com'),
('Ramos', '1456789012', 'juliana.ramos@example.com'),
('Pérez', '1467890123', 'gustavo.perez@example.com'),
('Valdez', '1478901234', 'cristina.valdez@example.com'),
('Bravo', '1489012345', 'jorge.bravo@example.com'),
('Escobar', '1490123456', 'alicia.escobar@example.com'),
('Cabrera', '1501234567', 'luis.cabrera@example.com'),
('Martínez', '1512345678', 'gabriela.martinez@example.com');

-- Inserciones para la tabla Cargo_empleado
INSERT INTO Cargo_empleado (Cargo_Nombre, Horas_Trabajo, sueldo) VALUES
('Gerente', 40, 5000000),
('Asistente Administrativo', 40, 2500000),
('Contador', 40, 4000000),
('Secretaria', 40, 2000000),
('Analista de Sistemas', 40, 3500000),
('Jefe de Marketing', 40, 4500000),
('Vendedor', 40, 1800000),
('Jefe de Ventas', 40, 4800000),
('Abogado', 40, 4200000),
('Recepcionista', 40, 1600000),
('Jefe de Recursos Humanos', 40, 5000000),
('Diseñador Gráfico', 40, 3500000),
('Ingeniero de Sistemas', 40, 4200000),
('Administrador de Proyectos', 40, 4500000),
('Director de Finanzas', 40, 5500000),
('Consultor', 40, 4000000),
('Desarrollador Web', 40, 3800000),
('Auxiliar de Oficina', 40, 1500000),
('Coordinador de Logística', 40, 4200000),
('Jefe de Producción', 40, 5000000),
('Chef', 40, 2500000),
('Ingeniero Industrial', 40, 4700000),
('Director de Operaciones', 40, 6000000),
('Community Manager', 40, 3000000),
('Diseñador de Moda', 40, 3500000),
('Técnico en Mantenimiento', 40, 2200000),
('Supervisor de Almacén', 40, 3500000),
('Gerente de TI', 40, 5500000),
('Consultor de Negocios', 40, 4500000),
('Fotógrafo', 40, 3000000),
('Ingeniero Electrónico', 40, 4500000),
('Asesor de Ventas', 40, 2000000),
('Jefe de Compras', 40, 4700000),
('Arquitecto', 40, 4500000),
('Analista de Marketing', 40, 3800000),
('Ingeniero Civil', 40, 4800000),
('Consultor IT', 40, 5000000),
('Técnico de Soporte', 40, 2300000),
('Community Manager', 40, 3100000),
('Supervisor de Calidad', 40, 4000000),
('Analista Financiero', 40, 4200000),
('Director de Recursos Humanos', 40, 5500000),
('Operario de Producción', 40, 2500000),
('Coordinador de Eventos', 40, 3000000),
('Especialista en SEO', 40, 4000000),
('Analista de Datos', 40, 3800000),
('Jefe de Innovación', 40, 5300000),
('Recepcionista Bilingüe', 40, 2200000),
('Director', 20, 7000000),
('Director General', 40, 7000000);

-- Inserciones para la tabla Empleado
INSERT INTO Empleado (nombre, detalle_empleado_fk, cargo_empleado_fk) VALUES
('Juan Gómez', 1, 1),
('María Rodríguez', 2, 2),
('Luis Martínez', 3, 3),
('Ana López', 4, 4),
('Pedro González', 5, 5),
('Luisa Pérez', 6, 6),
('Jorge Sánchez', 7, 7),
('Carla Ramírez', 8, 8),
('Raúl Fernández', 9, 9),
('Elena Díaz', 10, 10),
('Pablo Jiménez', 11, 11),
('Marta Vázquez', 12, 12),
('Santiago Molina', 13, 13),
('Teresita Morales', 14, 14),
('Manuel Romero', 15, 15),
('Beatriz Álvarez', 16, 16),
('Carlos Muñoz', 17, 17),
('Patricia Torres', 18, 18),
('Víctor Hernández', 19, 19),
('Margarita García', 20, 20),
('José Ruiz', 21, 21),
('Diana Cordero', 22, 22),
('Manuel Suárez', 23, 23),
('Silvia Castro', 24, 24),
('Pedro Pascual', 25, 25),
('Beatriz Moreno', 26, 26),
('Javier Salazar', 27, 27),
('Isabel Guillem', 28, 28),
('Raquel Serrano', 29, 29),
('Jorge Navarro', 30, 30),
('Amparo Vega', 31, 31),
('Alberto Cano', 32, 32),
('Verónica Herrera', 33, 33),
('Juan Álvarez', 34, 34),
('Marta Gil', 35, 35),
('Eduardo Martín', 36, 36),
('Carmen Gómez', 37, 37),
('Antonio López', 38, 38),
('Francisco Ríos', 39, 39),
('Lina Hidalgo', 40, 40),
('Marta Serradell', 41, 41),
('Pilar Collado', 42, 42),
('José Alonso', 43, 43),
('Juliana Ramos', 44, 44),
('Gustavo Pérez', 45, 45),
('Cristina Valdez', 46, 46),
('Jorge Bravo', 47, 47),
('Alicia Escobar', 48, 48),
('Luis Cabrera', 49, 49),
('Andrés Núñez', 50, 50);

-- Inserciones para la tabla Detalle_proveedor
INSERT INTO Detalle_proveedor(cedula, Telefono, Email, ubicacion_fk) VALUES
(1000001, '3001000001', 'proveedor1@email.com', 1),
(1000002, '3001000002', 'proveedor2@email.com', 2),
(1000003, '3001000003', 'proveedor3@email.com', 3),
(1000004, '3001000004', 'proveedor4@email.com', 4),
(1000005, '3001000005', 'proveedor5@email.com', 5),
(1000006, '3001000006', 'proveedor6@email.com', 6),
(1000007, '3001000007', 'proveedor7@email.com', 7),
(1000008, '3001000008', 'proveedor8@email.com', 8),
(1000009, '3001000009', 'proveedor9@email.com', 9),
(1000010, '3001000010', 'proveedor10@email.com', 10),
(1000011, '3001000011', 'proveedor11@email.com', 11),
(1000012, '3001000012', 'proveedor12@email.com', 12),
(1000013, '3001000013', 'proveedor13@email.com', 13),
(1000014, '3001000014', 'proveedor14@email.com', 14),
(1000015, '3001000015', 'proveedor15@email.com', 15),
(1000016, '3001000016', 'proveedor16@email.com', 16),
(1000017, '3001000017', 'proveedor17@email.com', 17),
(1000018, '3001000018', 'proveedor18@email.com', 18),
(1000019, '3001000019', 'proveedor19@email.com', 19),
(1000020, '3001000020', 'proveedor20@email.com', 20),
(1000021, '3001000021', 'proveedor21@email.com', 21),
(1000022, '3001000022', 'proveedor22@email.com', 22),
(1000023, '3001000023', 'proveedor23@email.com', 23),
(1000024, '3001000024', 'proveedor24@email.com', 24),
(1000025, '3001000025', 'proveedor25@email.com', 25),
(1000026, '3001000026', 'proveedor26@email.com', 26),
(1000027, '3001000027', 'proveedor27@email.com', 27),
(1000028, '3001000028', 'proveedor28@email.com', 28),
(1000029, '3001000029', 'proveedor29@email.com', 29),
(1000030, '3001000030', 'proveedor30@email.com', 30),
(1000031, '3001000031', 'proveedor31@email.com', 31),
(1000032, '3001000032', 'proveedor32@email.com', 32),
(1000033, '3001000033', 'proveedor33@email.com', 33),
(1000034, '3001000034', 'proveedor34@email.com', 34),
(1000035, '3001000035', 'proveedor35@email.com', 35),
(1000036, '3001000036', 'proveedor36@email.com', 36),
(1000037, '3001000037', 'proveedor37@email.com', 37),
(1000038, '3001000038', 'proveedor38@email.com', 38),
(1000039, '3001000039', 'proveedor39@email.com', 39),
(1000040, '3001000040', 'proveedor40@email.com', 40),
(1000041, '3001000041', 'proveedor41@email.com', 41),
(1000042, '3001000042', 'proveedor42@email.com', 42),
(1000043, '3001000043', 'proveedor43@email.com', 43),
(1000044, '3001000044', 'proveedor44@email.com', 44),
(1000045, '3001000045', 'proveedor45@email.com', 45),
(1000046, '3001000046', 'proveedor46@email.com', 46),
(1000047, '3001000047', 'proveedor47@email.com', 47),
(1000048, '3001000048', 'proveedor48@email.com', 48),
(1000049, '3001000049', 'proveedor49@email.com', 49),
(1000050, '3001000050', 'proveedor50@email.com', 50);

-- Inserciones para la tabla Proveedor
INSERT INTO Proveedor(nombre, detalle_proveedor_fk) VALUES
('Proveedor 1', 1),
('Proveedor 2', 2),
('Proveedor 3', 3),
('Proveedor 4', 4),
('Proveedor 5', 5),
('Proveedor 6', 6),
('Proveedor 7', 7),
('Proveedor 8', 8),
('Proveedor 9', 9),
('Proveedor 10', 10),
('Proveedor 11', 11),
('Proveedor 12', 12),
('Proveedor 13', 13),
('Proveedor 14', 14),
('Proveedor 15', 15),
('Proveedor 16', 16),
('Proveedor 17', 17),
('Proveedor 18', 18),
('Proveedor 19', 19),
('Proveedor 20', 20),
('Proveedor 21', 21),
('Proveedor 22', 22),
('Proveedor 23', 23),
('Proveedor 24', 24),
('Proveedor 25', 25),
('Proveedor 26', 26),
('Proveedor 27', 27),
('Proveedor 28', 28),
('Proveedor 29', 29),
('Proveedor 30', 30),
('Proveedor 31', 31),
('Proveedor 32', 32),
('Proveedor 33', 33),
('Proveedor 34', 34),
('Proveedor 35', 35),
('Proveedor 36', 36),
('Proveedor 37', 37),
('Proveedor 38', 38),
('Proveedor 39', 39),
('Proveedor 40', 40),
('Proveedor 41', 41),
('Proveedor 42', 42),
('Proveedor 43', 43),
('Proveedor 44', 44),
('Proveedor 45', 45),
('Proveedor 46', 46),
('Proveedor 47', 47),
('Proveedor 48', 48),
('Proveedor 49', 49),
('Proveedor 50', 50);

-- Inserciones para la tabla Detalle_producto
INSERT INTO Detalle_producto(valor, tamaño, Kilogramos, litros, Proveedor_fk) VALUES
(12.50, 'Pequeño', '0.5', NULL, 1),
(15.75, 'Mediano', '1', NULL, 2),
(22.00, 'Grande', '2', NULL, 3),
(30.25, 'Pequeño', NULL, '1', 4),
(18.50, 'Mediano', NULL, '1.5', 5),
(25.00, 'Grande', NULL, '2.5', 6),
(20.75, 'Pequeño', '0.8', NULL, 7),
(16.50, 'Mediano', '1.2', NULL, 8),
(27.00, 'Grande', '2.2', NULL, 9),
(35.00, 'Pequeño', NULL, '0.5', 10),
(10.50, 'Mediano', NULL, '1.0', 11),
(12.75, 'Grande', NULL, '1.8', 12),
(22.50, 'Pequeño', '0.7', NULL, 13),
(19.25, 'Mediano', '1.1', NULL, 14),
(28.00, 'Grande', '2.5', NULL, 15),
(40.50, 'Pequeño', NULL, '0.8', 16),
(45.25, 'Mediano', NULL, '2.0', 17),
(50.00, 'Grande', NULL, '3.0', 18),
(55.75, 'Pequeño', '1.0', NULL, 19),
(60.50, 'Mediano', '1.5', NULL, 20),
(65.25, 'Grande', '2.8', NULL, 21),
(70.00, 'Pequeño', NULL, '0.3', 22),
(75.50, 'Mediano', NULL, '0.7', 23),
(80.25, 'Grande', NULL, '1.5', 24),
(85.00, 'Pequeño', '0.4', NULL, 25),
(90.75, 'Mediano', '0.9', NULL, 26),
(95.50, 'Grande', '1.9', NULL, 27),
(100.25, 'Pequeño', NULL, '1.2', 28),
(105.00, 'Mediano', NULL, '2.5', 29),
(110.50, 'Grande', NULL, '3.5', 30),
(115.75, 'Pequeño', '0.6', NULL, 31),
(120.25, 'Mediano', '1.3', NULL, 32),
(125.50, 'Grande', '2.3', NULL, 33),
(130.00, 'Pequeño', NULL, '0.9', 34),
(135.75, 'Mediano', NULL, '1.7', 35),
(140.50, 'Grande', NULL, '2.9', 36),
(145.25, 'Pequeño', '0.3', NULL, 37),
(150.00, 'Mediano', '0.8', NULL, 38),
(155.50, 'Grande', '1.8', NULL, 39),
(160.25, 'Pequeño', NULL, '0.4', 40),
(165.00, 'Mediano', NULL, '1.1', 41),
(170.50, 'Grande', NULL, '2.0', 42),
(175.75, 'Pequeño', '0.9', NULL, 43),
(180.25, 'Mediano', '1.4', NULL, 44),
(185.50, 'Grande', '2.4', NULL, 45),
(190.00, 'Pequeño', NULL, '1.6', 46),
(195.75, 'Mediano', NULL, '2.8', 47),
(200.50, 'Grande', NULL, '3.8', 48),
(205.25, 'Pequeño', '1.1', NULL, 49),
(210.00, 'Mediano', '1.2', NULL, 50);

-- Inserciones para la tabla Tipo_producto
INSERT INTO Tipo_producto(Liquido, solido, comestible, organicos) VALUES
('Sí', 'No', 'Sí', 'No'),
('No', 'Sí', 'Sí', 'No'),
('No', 'No', 'Sí', 'No'),
('Sí', 'No', 'Sí', 'No'),
('No', 'Sí', 'Sí', 'Sí'),
('Sí', 'No', 'Sí', 'Sí'),
('Sí', 'No', 'No', 'Sí'),
('No', 'Sí', 'Sí', 'No'),
('Sí', 'No', 'No', 'No'),
('No', 'Sí', 'No', 'Sí'),
('Sí', 'No', 'Sí', 'Sí'),
('No', 'No', 'Sí', 'No'),
('Sí', 'No', 'No', 'No'),
('No', 'Sí', 'Sí', 'No'),
('Sí', 'No', 'Sí', 'No'),
('Sí', 'No', 'No', 'Sí'),
('No', 'Sí', 'Sí', 'Sí'),
('Sí', 'No', 'Sí', 'No'),
('No', 'Sí', 'No', 'Sí'),
('No', 'No', 'Sí', 'No'),
('No', 'Sí', 'No', 'No'),
('Sí', 'No', 'No', 'No'),
('No', 'Sí', 'No', 'No'),
('No', 'Sí', 'Sí', 'No'),
('Sí', 'No', 'Sí', 'No'),
('Sí', 'No', 'No', 'Sí'),
('No', 'Sí', 'No', 'Sí'),
('No', 'No', 'Sí', 'Sí'),
('No', 'Sí', 'Sí', 'Sí'),
('Sí', 'No', 'Sí', 'Sí'),
('No', 'No', 'Sí', 'Sí'),
('Sí', 'No', 'No', 'Sí'),
('No', 'Sí', 'No', 'Sí'),
('Sí', 'No', 'No', 'No'),
('No', 'Sí', 'No', 'Sí'),
('Sí', 'No', 'Sí', 'No'),
('No', 'Sí', 'Sí', 'Sí'),
('No', 'No', 'No', 'Sí'),
('Sí', 'No', 'Sí', 'No'),
('No', 'Sí', 'No', 'No'),
('Sí', 'No', 'No', 'Sí'),
('No', 'No', 'si', 'No'),
('No', 'Sí', 'Sí', 'No'),
('Sí', 'No', 'Sí', 'No'),
('No', 'Sí', 'Sí', 'No'),
('No', 'No', 'Sí', 'No'),
('Sí', 'No', 'Sí', 'No'),
('No', 'Sí', 'Sí', 'Sí'),
('Sí', 'No', 'Sí', 'Sí'),
('Sí', 'No', 'No', 'Sí');

-- Inserciones para la tabla Producto
INSERT INTO Producto(nombre, tipo_producto_fk, detalle_producto_fk) VALUES
('Producto 1', 1, 1),
('Producto 2', 2, 2),
('Producto 3', 3, 3),
('Producto 4', 4, 4),
('Producto 5', 5, 5),
('Producto 6', 6, 6),
('Producto 7', 7, 7),
('Producto 8', 8, 8),
('Producto 9', 9, 9),
('Producto 10', 10, 10),
('Producto 11', 11, 11),
('Producto 12', 12, 12),
('Producto 13', 13, 13),
('Producto 14', 14, 14),
('Producto 15', 15, 15),
('Producto 16', 16, 16),
('Producto 17', 17, 17),
('Producto 18', 18, 18),
('Producto 19', 19, 19),
('Producto 20', 20, 20),
('Producto 21', 21, 21),
('Producto 22', 22, 22),
('Producto 23', 23, 23),
('Producto 24', 24, 24),
('Producto 25', 25, 25),
('Producto 26', 26, 26),
('Producto 27', 27, 27),
('Producto 28', 28, 28),
('Producto 29', 29, 29),
('Producto 30', 30, 30),
('Producto 31', 31, 31),
('Producto 32', 32, 32),
('Producto 33', 33, 33),
('Producto 34', 34, 34),
('Producto 35', 35, 35),
('Producto 36', 36, 36),
('Producto 37', 37, 37),
('Producto 38', 38, 38),
('Producto 39', 39, 39),
('Producto 40', 40, 40),
('Producto 41', 41, 41),
('Producto 42', 42, 42),
('Producto 43', 43, 43),
('Producto 44', 44, 44),
('Producto 45', 45, 45),
('Producto 46', 46, 46),
('Producto 47', 47, 47),
('Producto 48', 48, 48),
('Producto 49', 49, 49),
('Producto 50', 50, 50);

-- Inserciones para la tabla Detalle_cliente
INSERT INTO Detalle_cliente(apellido, cedula) VALUES
('Gómez', 100001),
('Martínez', 100002),
('Rodríguez', 100003),
('López', 100004),
('Pérez', 100005),
('García', 100006),
('Sánchez', 100007),
('Ramírez', 100008),
('Torres', 100009),
('Flores', 100010),
('Morales', 100011),
('Vargas', 100012),
('Castro', 100013),
('Jiménez', 100014),
('Rojas', 100015),
('Herrera', 100016),
('Medina', 100017),
('Cruz', 100018),
('Ortiz', 100019),
('Reyes', 100020),
('Cárdenas', 100021),
('Vega', 100022),
('Aguilar', 100023),
('Rivera', 100024),
('Castillo', 100025),
('Cabrera', 100026),
('Mendoza', 100027),
('Romero', 100028),
('Ruiz', 100029),
('Fernández', 100030),
('Silva', 100031),
('Ramos', 100032),
('Peña', 100033),
('Guerrero', 100034),
('Espinoza', 100035),
('Mora', 100036),
('Delgado', 100037),
('Navarro', 100038),
('Valencia', 100039),
('Benítez', 100040),
('Figueroa', 100041),
('Muñoz', 100042),
('Pineda', 100043),
('Soto', 100044),
('Vázquez', 100045),
('Mejía', 100046),
('Solano', 100047),
('Trujillo', 100048),
('Hernández', 100049),
('Álvarez', 100050);

-- Inserciones para la tabla Cliente
INSERT INTO Cliente(nombre, detalle_cliente_fk) VALUES
('Juan Pérez', 1),
('Ana González', 2),
('Carlos López', 3),
('Lucía Rodríguez', 4),
('Miguel García', 5),
('Laura Sánchez', 6),
('Pedro Ramírez', 7),
('María Torres', 8),
('Javier Flores', 9),
('Beatriz Morales', 10),
('José Vargas', 11),
('Claudia Castro', 12),
('David Jiménez', 13),
('Isabel Rojas', 14),
('Sergio Herrera', 15),
('Patricia Medina', 16),
('Antonio Cruz', 17),
('Raquel Ortiz', 18),
('Luis Reyes', 19),
('Marta Cárdenas', 20),
('Ricardo Vega', 21),
('Elena Aguilar', 22),
('Diego Rivera', 23),
('Sofía Castillo', 24),
('Fernando Cabrera', 25),
('Ana Mendoza', 26),
('Raúl Romero', 27),
('Carmen Ruiz', 28),
('Pedro Fernández', 29),
('José Silva', 30),
('María Ramos', 31),
('Raúl Peña', 32),
('Julieta Guerrero', 33),
('Eduardo Espinoza', 34),
('Verónica Mora', 35),
('Héctor Delgado', 36),
('Elena Navarro', 37),
('Oscar Valencia', 38),
('Gabriela Benítez', 39),
('Luis Figueroa', 40),
('Carolina Muñoz', 41),
('Ricardo Pineda', 42),
('Mónica Soto', 43),
('Carlos Vázquez', 44),
('Teresa Mejía', 45),
('Antonio Solano', 46),
('Raúl Trujillo', 47),
('Beatriz Hernández', 48),
('Antonio Álvarez', 49),
('Felipe Castro', 50);

-- Inserciones para la tabla Detalle_venta
INSERT INTO Detalle_venta(ubicacion_fk, cliente_fk, producto_fk) VALUES
(1, 1, 1),
(2, 2, 2),
(3, 3, 3),
(4, 4, 4),
(5, 5, 5),
(6, 6, 6),
(7, 7, 7),
(8, 8, 8),
(9, 9, 9),
(10, 10, 10),
(11, 11, 11),
(12, 12, 12),
(13, 13, 13),
(14, 14, 14),
(15, 15, 15),
(16, 16, 16),
(17, 17, 17),
(18, 18, 18),
(19, 19, 19),
(20, 20, 20),
(21, 21, 21),
(22, 22, 22),
(23, 23, 23),
(24, 24, 24),
(25, 25, 25),
(26, 26, 26),
(27, 27, 27),
(28, 28, 28),
(29, 29, 29),
(30, 30, 30),
(31, 31, 31),
(32, 32, 32),
(33, 33, 33),
(34, 34, 34),
(35, 35, 35),
(36, 36, 36),
(37, 37, 37),
(38, 38, 38),
(39, 39, 39),
(40, 40, 40),
(41, 41, 41),
(42, 42, 42),
(43, 43, 43),
(44, 44, 44),
(45, 45, 45),
(46, 46, 46),
(47, 47, 47),
(48, 48, 48),
(49, 49, 49),
(50, 50, 50);

-- Inserciones para la tabla Venta
INSERT INTO Venta(nombre, detalle_venta_fk) VALUES
('Venta 1', 1),
('Venta 2', 2),
('Venta 3', 3),
('Venta 4', 4),
('Venta 5', 5),
('Venta 6', 6),
('Venta 7', 7),
('Venta 8', 8),
('Venta 9', 9),
('Venta 10', 10),
('Venta 11', 11),
('Venta 12', 12),
('Venta 13', 13),
('Venta 14', 14),
('Venta 15', 15),
('Venta 16', 16),
('Venta 17', 17),
('Venta 18', 18),
('Venta 19', 19),
('Venta 20', 20),
('Venta 21', 21),
('Venta 22', 22),
('Venta 23', 23),
('Venta 24', 24),
('Venta 25', 25),
('Venta 26', 26),
('Venta 27', 27),
('Venta 28', 28),
('Venta 29', 29),
('Venta 30', 30),
('Venta 31', 31),
('Venta 32', 32),
('Venta 33', 33),
('Venta 34', 34),
('Venta 35', 35),
('Venta 36', 36),
('Venta 37', 37),
('Venta 38', 38),
('Venta 39', 39),
('Venta 40', 40),
('Venta 41', 41),
('Venta 42', 42),
('Venta 43', 43),
('Venta 44', 44),
('Venta 45', 45),
('Venta 46', 46),
('Venta 47', 47),
('Venta 48', 48),
('Venta 49', 49),
('Venta 50', 50);

-- Inserciones para la tabla Detalle_pedido
INSERT INTO Detalle_pedido(descripcion, producto_fk, venta_fk, cliente_fk) VALUES
('Pedido 1', 1, 1, 1),
('Pedido 2', 2, 2, 2),
('Pedido 3', 3, 3, 3),
('Pedido 4', 4, 4, 4),
('Pedido 5', 5, 5, 5),
('Pedido 6', 6, 6, 6),
('Pedido 7', 7, 7, 7),
('Pedido 8', 8, 8, 8),
('Pedido 9', 9, 9, 9),
('Pedido 10', 10, 10, 10),
('Pedido 11', 11, 11, 11),
('Pedido 12', 12, 12, 12),
('Pedido 13', 13, 13, 13),
('Pedido 14', 14, 14, 14),
('Pedido 15', 15, 15, 15),
('Pedido 16', 16, 16, 16),
('Pedido 17', 17, 17, 17),
('Pedido 18', 18, 18, 18),
('Pedido 19', 19, 19, 19),
('Pedido 20', 20, 20, 20),
('Pedido 21', 21, 21, 21),
('Pedido 22', 22, 22, 22),
('Pedido 23', 23, 23, 23),
('Pedido 24', 24, 24, 24),
('Pedido 25', 25, 25, 25),
('Pedido 26', 26, 26, 26),
('Pedido 27', 27, 27, 27),
('Pedido 28', 28, 28, 28),
('Pedido 29', 29, 29, 29),
('Pedido 30', 30, 30, 30),
('Pedido 31', 31, 31, 31),
('Pedido 32', 32, 32, 32),
('Pedido 33', 33, 33, 33),
('Pedido 34', 34, 34, 34),
('Pedido 35', 35, 35, 35),
('Pedido 36', 36, 36, 36),
('Pedido 37', 37, 37, 37),
('Pedido 38', 38, 38, 38),
('Pedido 39', 39, 39, 39),
('Pedido 40', 40, 40, 40),
('Pedido 41', 41, 41, 41),
('Pedido 42', 42, 42, 42),
('Pedido 43', 43, 43, 43),
('Pedido 44', 44, 44, 44),
('Pedido 45', 45, 45, 45),
('Pedido 46', 46, 46, 46),
('Pedido 47', 47, 47, 47),
('Pedido 48', 48, 48, 48),
('Pedido 49', 49, 49, 49),
('Pedido 50', 50, 50, 50);

-- Inserciones para la tabla Tipo_pedido
INSERT INTO Tipo_pedido(Tipo_de_pedido, Clasificacion, prioridad) VALUES
('En tienda', 'Urgente', 1),
('A domicilio', 'Programado', 2),
('En línea', 'Regular', 3),
('Especial', 'Urgente', 4),
('En tienda', 'Programado', 5),
('A domicilio', 'Regular', 6),
('En línea', 'Urgente', 7),
('Especial', 'Programado', 8),
('En tienda', 'Regular', 9),
('A domicilio', 'Urgente', 10),
('En línea', 'Programado', 11),
('Especial', 'Regular', 12),
('En tienda', 'Urgente', 13),
('A domicilio', 'Programado', 14),
('En línea', 'Regular', 15),
('Especial', 'Urgente', 16),
('En tienda', 'Programado', 17),
('A domicilio', 'Regular', 18),
('En línea', 'Urgente', 19),
('Especial', 'Programado', 20),
('En tienda', 'Regular', 21),
('A domicilio', 'Urgente', 22),
('En línea', 'Programado', 23),
('Especial', 'Regular', 24),
('En tienda', 'Urgente', 25),
('A domicilio', 'Programado', 26),
('En línea', 'Regular', 27),
('Especial', 'Urgente', 28),
('En tienda', 'Programado', 29),
('A domicilio', 'Regular', 30),
('En línea', 'Urgente', 31),
('Especial', 'Programado', 32),
('En tienda', 'Regular', 33),
('A domicilio', 'Urgente', 34),
('En línea', 'Programado', 35),
('Especial', 'Regular', 36),
('En tienda', 'Urgente', 37),
('A domicilio', 'Programado', 38),
('En línea', 'Regular', 39),
('Especial', 'Urgente', 40),
('En tienda', 'Programado', 41),
('A domicilio', 'Regular', 42),
('En línea', 'Urgente', 43),
('Especial', 'Programado', 44),
('En tienda', 'Regular', 45),
('A domicilio', 'Urgente', 46),
('En línea', 'Programado', 47),
('Especial', 'Regular', 48),
('En tienda', 'Urgente', 49),
('A domicilio', 'Programado', 50);

-- Inserciones para la tabla Pedido
INSERT INTO Pedido(nombre, tipo_pedido_fk, detalle_pedido_fk) VALUES
('Pedido 1', 1, 1),
('Pedido 2', 2, 2),
('Pedido 3', 3, 3),
('Pedido 4', 4, 4),
('Pedido 5', 5, 5),
('Pedido 6', 6, 6),
('Pedido 7', 7, 7),
('Pedido 8', 8, 8),
('Pedido 9', 9, 9),
('Pedido 10', 10, 10),
('Pedido 11', 11, 11),
('Pedido 12', 12, 12),
('Pedido 13', 13, 13),
('Pedido 14', 14, 14),
('Pedido 15', 15, 15),
('Pedido 16', 16, 16),
('Pedido 17', 17, 17),
('Pedido 18', 18, 18),
('Pedido 19', 19, 19),
('Pedido 20', 20, 20),
('Pedido 21', 21, 21),
('Pedido 22', 22, 22),
('Pedido 23', 23, 23),
('Pedido 24', 24, 24),
('Pedido 25', 25, 25),
('Pedido 26', 26, 26),
('Pedido 27', 27, 27),
('Pedido 28', 28, 28),
('Pedido 29', 29, 29),
('Pedido 30', 30, 30),
('Pedido 31', 31, 31),
('Pedido 32', 32, 32),
('Pedido 33', 33, 33),
('Pedido 34', 34, 34),
('Pedido 35', 35, 35),
('Pedido 36', 36, 36),
('Pedido 37', 37, 37),
('Pedido 38', 38, 38),
('Pedido 39', 39, 39),
('Pedido 40', 40, 40),
('Pedido 41', 41, 41),
('Pedido 42', 42, 42),
('Pedido 43', 43, 43),
('Pedido 44', 44, 44),
('Pedido 45', 45, 45),
('Pedido 46', 46, 46),
('Pedido 47', 47, 47),
('Pedido 48', 48, 48),
('Pedido 49', 49, 49),
('Pedido 50', 50, 50);

-- Inserciones para la tabla Detalle_compra
INSERT INTO Detalle_compra(descripcion, fecha_Compra, producto_fk, empleado_fk) VALUES
('Compra 1', NOW(), 1, 1),
('Compra 2', NOW(), 2, 2),
('Compra 3', NOW(), 3, 3),
('Compra 4', NOW(), 4, 4),
('Compra 5', NOW(), 5, 5),
('Compra 6', NOW(), 6, 6),
('Compra 7', NOW(), 7, 7),
('Compra 8', NOW(), 8, 8),
('Compra 9', NOW(), 9, 9),
('Compra 10', NOW(), 10, 10),
('Compra 11', NOW(), 11, 11),
('Compra 12', NOW(), 12, 12),
('Compra 13', NOW(), 13, 13),
('Compra 14', NOW(), 14, 14),
('Compra 15', NOW(), 15, 15),
('Compra 16', NOW(), 16, 16),
('Compra 17', NOW(), 17, 17),
('Compra 18', NOW(), 18, 18),
('Compra 19', NOW(), 19, 19),
('Compra 20', NOW(), 20, 20),
('Compra 21', NOW(), 21, 21),
('Compra 22', NOW(), 22, 22),
('Compra 23', NOW(), 23, 23),
('Compra 24', NOW(), 24, 24),
('Compra 25', NOW(), 25, 25),
('Compra 26', NOW(), 26, 26),
('Compra 27', NOW(), 27, 27),
('Compra 28', NOW(), 28, 28),
('Compra 29', NOW(), 29, 29),
('Compra 30', NOW(), 30, 30),
('Compra 31', NOW(), 31, 31),
('Compra 32', NOW(), 32, 32),
('Compra 33', NOW(), 33, 33),
('Compra 34', NOW(), 34, 34),
('Compra 35', NOW(), 35, 35),
('Compra 36', NOW(), 36, 36),
('Compra 37', NOW(), 37, 37),
('Compra 38', NOW(), 38, 38),
('Compra 39', NOW(), 39, 39),
('Compra 40', NOW(), 40, 40),
('Compra 41', NOW(), 41, 41),
('Compra 42', NOW(), 42, 42),
('Compra 43', NOW(), 43, 43),
('Compra 44', NOW(), 44, 44),
('Compra 45', NOW(), 45, 45),
('Compra 46', NOW(), 46, 46),
('Compra 47', NOW(), 47, 47),
('Compra 48', NOW(), 48, 48),
('Compra 49', NOW(), 49, 49),
('Compra 50', NOW(), 50, 50);

-- Inserciones para la tabla Tipo_Compra
INSERT INTO Tipo_Compra(Pedido_fk) VALUES
(1), (2), (3), (4), (5), (6), (7), (8), (9), (10),
(11), (12), (13), (14), (15), (16), (17), (18), (19), (20),
(21), (22), (23), (24), (25), (26), (27), (28), (29), (30),
(31), (32), (33), (34), (35), (36), (37), (38), (39), (40),
(41), (42), (43), (44), (45), (46), (47), (48), (49), (50);

-- Inserciones para la tabla Compra
INSERT INTO Compra(cliente_fk, Detalle_compra_fk, Tipo_Compra_fk) VALUES
(1, 1, 1), (2, 2, 2), (3, 3, 3), (4, 4, 4), (5, 5, 5),
(6, 6, 6), (7, 7, 7), (8, 8, 8), (9, 9, 9), (10, 10, 10),
(11, 11, 11), (12, 12, 12), (13, 13, 13), (14, 14, 14), (15, 15, 15),
(16, 16, 16), (17, 17, 17), (18, 18, 18), (19, 19, 19), (20, 20, 20),
(21, 21, 21), (22, 22, 22), (23, 23, 23), (24, 24, 24), (25, 25, 25),
(26, 26, 26), (27, 27, 27), (28, 28, 28), (29, 29, 29), (30, 30, 30),
(31, 31, 31), (32, 32, 32), (33, 33, 33), (34, 34, 34), (35, 35, 35),
(36, 36, 36), (37, 37, 37), (38, 38, 38), (39, 39, 39), (40, 40, 40),
(41, 41, 41), (42, 42, 42), (43, 43, 43), (44, 44, 44), (45, 45, 45),
(46, 46, 46), (47, 47, 47), (48, 48, 48), (49, 49, 49), (50, 50, 50);

-- Inserciones para la tabla Detalle_almacen
INSERT INTO Detalle_almacen(Can_Productos_max, ubicacion_fk) VALUES
(100, 1), (150, 2), (200, 3), (120, 4), (180, 5),
(220, 6), (130, 7), (160, 8), (250, 9), (140, 10),
(170, 11), (210, 12), (190, 13), (230, 14), (120, 15),
(110, 16), (130, 17), (140, 18), (150, 19), (160, 20),
(170, 21), (180, 22), (190, 23), (200, 24), (210, 25),
(220, 26), (230, 27), (240, 28), (250, 29), (260, 30),
(270, 31), (280, 32), (290, 33), (300, 34), (310, 35),
(320, 36), (330, 37), (340, 38), (350, 39), (360, 40),
(370, 41), (380, 42), (390, 43), (400, 44), (410, 45),
(420, 46), (430, 47), (440, 48), (450, 49), (460, 50);

-- Inserciones para la tabla Almacen
INSERT INTO Almacen(Descrision, Detalle_almacen_FK) VALUES
('Almacén 1', 1), ('Almacén 2', 2), ('Almacén 3', 3), 
('Almacén 4', 4), ('Almacén 5', 5), ('Almacén 6', 6), 
('Almacén 7', 7), ('Almacén 8', 8), ('Almacén 9', 9), 
('Almacén 10', 10), ('Almacén 11', 11), ('Almacén 12', 12), 
('Almacén 13', 13), ('Almacén 14', 14), ('Almacén 15', 15), 
('Almacén 16', 16), ('Almacén 17', 17), ('Almacén 18', 18), 
('Almacén 19', 19), ('Almacén 20', 20), ('Almacén 21', 21), 
('Almacén 22', 22), ('Almacén 23', 23), ('Almacén 24', 24), 
('Almacén 25', 25), ('Almacén 26', 26), ('Almacén 27', 27), 
('Almacén 28', 28), ('Almacén 29', 29), ('Almacén 30', 30), 
('Almacén 31', 31), ('Almacén 32', 32), ('Almacén 33', 33), 
('Almacén 34', 34), ('Almacén 35', 35), ('Almacén 36', 36), 
('Almacén 37', 37), ('Almacén 38', 38), ('Almacén 39', 39), 
('Almacén 40', 40), ('Almacén 41', 41), ('Almacén 42', 42), 
('Almacén 43', 43), ('Almacén 44', 44), ('Almacén 45', 45), 
('Almacén 46', 46), ('Almacén 47', 47), ('Almacén 48', 48), 
('Almacén 49', 49), ('Almacén 50', 50);

-- Inserciones para la tabla Detalle_Inventario
INSERT INTO Detalle_Inventario(producto_fk, fecha, stock_actual, Almacen_fk) VALUES
(1, '2024-11-25', 100, 1), (2, '2024-11-25', 150, 2),
(3, '2024-11-25', 200, 3), (4, '2024-11-25', 250, 4),
(5, '2024-11-25', 300, 5), (6, '2024-11-25', 350, 6),
(7, '2024-11-25', 400, 7), (8, '2024-11-25', 450, 8),
(9, '2024-11-25', 500, 9), (10, '2024-11-25', 550, 10),
(11, '2024-11-25', 600, 11), (12, '2024-11-25', 650, 12),
(13, '2024-11-25', 700, 13), (14, '2024-11-25', 750, 14),
(15, '2024-11-25', 800, 15), (16, '2024-11-25', 850, 16),
(17, '2024-11-25', 900, 17), (18, '2024-11-25', 950, 18),
(19, '2024-11-25', 1000, 19), (20, '2024-11-25', 1050, 20),
(21, '2024-11-25', 1100, 21), (22, '2024-11-25', 1150, 22),
(23, '2024-11-25', 1200, 23), (24, '2024-11-25', 1250, 24),
(25, '2024-11-25', 1300, 25), (26, '2024-11-25', 1350, 26),
(27, '2024-11-25', 1400, 27), (28, '2024-11-25', 1450, 28),
(29, '2024-11-25', 1500, 29), (30, '2024-11-25', 1550, 30),
(31, '2024-11-25', 1600, 31), (32, '2024-11-25', 1650, 32),
(33, '2024-11-25', 1700, 33), (34, '2024-11-25', 1750, 34),
(35, '2024-11-25', 1800, 35), (36, '2024-11-25', 1850, 36),
(37, '2024-11-25', 1900, 37), (38, '2024-11-25', 1950, 38),
(39, '2024-11-25', 2000, 39), (40, '2024-11-25', 2050, 40),
(41, '2024-11-25', 2100, 41), (42, '2024-11-25', 2150, 42),
(43, '2024-11-25', 2200, 43), (44, '2024-11-25', 2250, 44),
(45, '2024-11-25', 2300, 45), (46, '2024-11-25', 2350, 46),
(47, '2024-11-25', 2400, 47), (48, '2024-11-25', 2450, 48),
(49, '2024-11-25', 2500, 49), (50, '2024-11-25', 2550, 50);

-- Inserciones para la tabla Inventario
INSERT INTO Inventario(Descrision, Detalle_Inventario_fk) VALUES
('Inventario 1', 1),
('Inventario 2', 2),
('Inventario 3', 3),
('Inventario 4', 4),
('Inventario 5', 5),
('Inventario 6', 6),
('Inventario 7', 7),
('Inventario 8', 8),
('Inventario 9', 9),
('Inventario 10', 10),
('Inventario 11', 11),
('Inventario 12', 12),
('Inventario 13', 13),
('Inventario 14', 14),
('Inventario 15', 15),
('Inventario 16', 16),
('Inventario 17', 17),
('Inventario 18', 18),
('Inventario 19', 19),
('Inventario 20', 20),
('Inventario 21', 21),
('Inventario 22', 22),
('Inventario 23', 23),
('Inventario 24', 24),
('Inventario 25', 25),
('Inventario 26', 26),
('Inventario 27', 27),
('Inventario 28', 28),
('Inventario 29', 29),
('Inventario 30', 30),
('Inventario 31', 31),
('Inventario 32', 32),
('Inventario 33', 33),
('Inventario 34', 34),
('Inventario 35', 35),
('Inventario 36', 36),
('Inventario 37', 37),
('Inventario 38', 38),
('Inventario 39', 39),
('Inventario 40', 40),
('Inventario 41', 41),
('Inventario 42', 42),
('Inventario 43', 43),
('Inventario 44', 44),
('Inventario 45', 45),
('Inventario 46', 46),
('Inventario 47', 47),
('Inventario 48', 48),
('Inventario 49', 49),
('Inventario 50', 50);




